RK,PLAYER NAME,TEAM,TEAM POS,TEAM POS RANK,BYE WEEK
1,Ja'Marr Chase,CIN,WR,WR1,6
2,Puka Nacua,LAR,WR,WR1,11
3,Bijan Robinson,ATL,RB,RB1,11
4,Jahmyr Gibbs,DET,RB,RB1,6
5,Jaxon Smith-Njigba,SEA,WR,WR1,11
6,Amon-Ra St. Brown,DET,WR,WR1,6
7,CeeDee Lamb,DAL,WR,WR1,14
8,Christian McCaffrey,SF,RB,RB1,8
9,Justin Jefferson,MIN,WR,WR1,6
10,Drake London,ATL,WR,WR1,11
11,Jonathan Taylor,IND,RB,RB1,13
12,A.J. Brown,NE,WR,WR1,11
13,Nico Collins,HOU,WR,WR1,8
14,Ashton Jeanty,LV,RB,RB1,13
15,Trey McBride,ARI,TE,TE1,14
16,George Pickens,DAL,WR,WR2,14
17,James Cook III,BUF,RB,RB1,7
18,Chase Brown,CIN,RB,RB1,6
19,De'Von Achane,MIA,RB,RB1,6
20,Rashee Rice,KC,WR,WR1,5
21,Brock Bowers,LV,TE,TE1,13
22,Chris Olave,NO,WR,WR1,8
23,Omarion Hampton,LAC,RB,RB1,7
24,DeVonta Smith,PHI,WR,WR1,10
25,Saquon Barkley,PHI,RB,RB1,10
26,Josh Allen,BUF,QB,QB1,7
27,Garrett Wilson,NYJ,WR,WR1,13
28,Zay Flowers,BAL,WR,WR1,13
29,Lamar Jackson,BAL,QB,QB1,13
30,Kenneth Walker III,KC,RB,RB1,5
31,Tetairoa McMillan,CAR,WR,WR1,5
32,Tee Higgins,CIN,WR,WR2,6
33,Ladd McConkey,LAC,WR,WR1,7
34,Drake Maye,NE,QB,QB1,11
35,Jeremiyah Love,ARI,RB,RB1,14
36,Jaylen Waddle,DEN,WR,WR1,10
37,Colston Loveland,CHI,TE,TE1,10
38,Emeka Egbuka,TB,WR,WR1,10
39,Derrick Henry,BAL,RB,RB1,13
40,Malik Nabers,NYG,WR,WR1,8
41,Breece Hall,NYJ,RB,RB1,13
42,Kyren Williams,LAR,RB,RB1,11
43,Terry McLaurin,WAS,WR,WR1,7
44,Joe Burrow,CIN,QB,QB1,6
45,Josh Jacobs,GB,RB,RB1,11
46,Luther Burden III,CHI,WR,WR1,10
47,Javonte Williams,DAL,RB,RB1,14
48,Davante Adams,LAR,WR,WR2,11
49,Travis Etienne Jr.,NO,RB,RB1,8
50,Mike Evans,SF,WR,WR1,8
51,Jayden Daniels,WAS,QB,QB1,7
52,Cam Skattebo,NYG,RB,RB1,8
53,Jameson Williams,DET,WR,WR2,6
54,DJ Moore,BUF,WR,WR1,7
55,Tyler Warren,IND,TE,TE1,13
56,Jalen Hurts,PHI,QB,QB1,10
57,Christian Watson,GB,WR,WR1,11
58,Bucky Irving,TB,RB,RB1,10
59,Rome Odunze,CHI,WR,WR2,10
60,Quinshon Judkins,CLE,RB,RB1,11
61,TreVeyon Henderson,NE,RB,RB1,11
62,D'Andre Swift,CHI,RB,RB1,10
63,David Montgomery,HOU,RB,RB1,8
64,Carnell Tate,TEN,WR,WR1,9
65,Marvin Harrison Jr.,ARI,WR,WR1,14
66,Caleb Williams,CHI,QB,QB1,10
67,Justin Herbert,LAC,QB,QB1,7
68,Bhayshul Tuten,JAC,RB,RB1,7
69,Tucker Kraft,GB,TE,TE1,11
70,Jaylen Warren,PIT,RB,RB1,9
71,Harold Fannin Jr.,CLE,TE,TE1,11
72,DK Metcalf,PIT,WR,WR1,9
73,Jadarian Price,SEA,RB,RB1,11
74,Dak Prescott,DAL,QB,QB1,14
75,Trevor Lawrence,JAC,QB,QB1,7
76,Courtland Sutton,DEN,WR,WR2,10
77,Alec Pierce,IND,WR,WR1,13
78,Chris Godwin Jr.,TB,WR,WR2,10
79,Brian Thomas Jr.,JAC,WR,WR1,7
80,Kyle Pitts Sr.,ATL,TE,TE1,11
81,Rhamondre Stevenson,NE,RB,RB2,11
82,Tony Pollard,TEN,RB,RB1,9
83,Michael Pittman Jr.,PIT,WR,WR2,9
84,Chuba Hubbard,CAR,RB,RB1,5
85,Sam LaPorta,DET,TE,TE1,6
86,Parker Washington,JAC,WR,WR2,7
87,Jordyn Tyson,NO,WR,WR2,8
88,Rico Dowdle,PIT,RB,RB2,9
89,Wan'Dale Robinson,TEN,WR,WR2,9
90,Michael Wilson,ARI,WR,WR2,14
91,RJ Harvey,DEN,RB,RB1,10
92,Jaxson Dart,NYG,QB,QB1,8
93,Brock Purdy,SF,QB,QB1,8
94,Josh Downs,IND,WR,WR2,13
95,Ricky Pearsall,SF,WR,WR2,8
96,Jakobi Meyers,JAC,WR,WR3,7
97,Kenny Gainwell,TB,RB,RB2,10
98,Travis Kelce,KC,TE,TE1,5
99,Makai Lemon,PHI,WR,WR2,10
100,Quentin Johnston,LAC,WR,WR2,7
101,Kyle Monangai,CHI,RB,RB2,10
102,Patrick Mahomes II,KC,QB,QB1,5
103,Bo Nix,DEN,QB,QB1,10
104,George Kittle,SF,TE,TE1,8
105,Jordan Addison,MIN,WR,WR2,6
106,J.K. Dobbins,DEN,RB,RB2,10
107,Matthew Stafford,LAR,QB,QB1,11
108,Rachaad White,WAS,RB,RB1,7
109,Jake Ferguson,DAL,TE,TE1,14
110,Blake Corum,LAR,RB,RB2,11
111,Jared Goff,DET,QB,QB1,6
112,Aaron Jones Sr.,MIN,RB,RB1,6
113,Jayden Reed,GB,WR,WR2,11
114,Kyler Murray,MIN,QB,QB1,6
115,Dalton Kincaid,BUF,TE,TE1,7
116,Jordan Love,GB,QB,QB1,11
117,Baker Mayfield,TB,QB,QB1,10
118,Isaiah Likely,NYG,TE,TE1,8
119,Jonathon Brooks,CAR,RB,RB2,5
120,Khalil Shakir,BUF,WR,WR2,7
121,Jayden Higgins,HOU,WR,WR2,8
122,Dallas Goedert,PHI,TE,TE1,10
123,Tyler Shough,NO,QB,QB1,8
124,Xavier Worthy,KC,WR,WR2,5
125,Jacory Croskey-Merritt,WAS,RB,RB2,7
126,Jordan Mason,MIN,RB,RB2,6
127,Mark Andrews,BAL,TE,TE1,13
128,Jalen Coker,CAR,WR,WR2,5
129,Romeo Doubs,NE,WR,WR2,11
130,Tyrone Tracy Jr.,NYG,RB,RB2,8
131,Malik Willis,MIA,QB,QB1,6
132,Matthew Golden,GB,WR,WR3,11
133,Woody Marks,HOU,RB,RB2,8
134,KC Concepcion,CLE,WR,WR1,11
135,C.J. Stroud,HOU,QB,QB1,8
136,Sam Darnold,SEA,QB,QB1,11
137,Tyler Allgeier,ARI,RB,RB2,14
138,Tyjae Spears,TEN,RB,RB2,9
139,Chris Rodriguez Jr.,JAC,RB,RB2,7
140,Dylan Sampson,CLE,RB,RB2,11
141,Zach Charbonnet,SEA,RB,RB2,11
142,Alvin Kamara,NO,RB,RB2,8
143,Juwan Johnson,NO,TE,TE1,8
144,Isiah Pacheco,DET,RB,RB2,6
145,Rashid Shaheed,SEA,WR,WR2,11
146,Brenton Strange,JAC,TE,TE1,7
147,Cam Ward,TEN,QB,QB1,9
148,Chig Okonkwo,WAS,TE,TE1,7
149,Jauan Jennings,MIN,WR,WR3,6
150,Jerry Jeudy,CLE,WR,WR2,11
151,Denzel Boston,CLE,WR,WR3,11
152,Daniel Jones,IND,QB,QB1,13
153,Bryce Young,CAR,QB,QB1,5
154,Hunter Henry,NE,TE,TE1,11
155,Adonai Mitchell,NYJ,WR,WR2,13
156,Oronde Gadsden II,LAC,TE,TE1,7
157,Omar Cooper Jr.,NYJ,WR,WR3,13
158,Keaton Mitchell,LAC,RB,RB2,7
159,Jonah Coleman,DEN,RB,RB3,10
160,Houston Texans,HOU,DST,DST1,8
161,Jalen McMillan,TB,WR,WR3,10
162,Brian Robinson Jr.,ATL,RB,RB2,11
163,Tank Bigsby,PHI,RB,RB2,10
164,Travis Hunter,JAC,WR,WR4,7
165,Tre Tucker,LV,WR,WR1,13
166,Denver Broncos,DEN,DST,DST1,10
167,Braelon Allen,NYJ,RB,RB2,13
168,Dalton Schultz,HOU,TE,TE1,8
169,Tre' Harris,LAC,WR,WR3,7
170,Seattle Seahawks,SEA,DST,DST1,11
171,Los Angeles Rams,LAR,DST,DST1,11
172,Philadelphia Eagles,PHI,DST,DST1,10
173,Stefon Diggs,FA,WR,WR1,-
174,Ryan Flournoy,DAL,WR,WR3,14
175,T.J. Hockenson,MIN,TE,TE1,6
176,James Conner,ARI,RB,RB3,14
177,Troy Franklin,DEN,WR,WR3,10
178,Jaylin Noel,HOU,WR,WR3,8
179,Jacoby Brissett,ARI,QB,QB1,14
180,Brandon Aubrey,DAL,K,K1,14
181,Pittsburgh Steelers,PIT,DST,DST1,9
182,Kayshon Boutte,NE,WR,WR3,11
183,Minnesota Vikings,MIN,DST,DST1,6
184,Jacksonville Jaguars,JAC,DST,DST1,7
185,New England Patriots,NE,DST,DST1,11
186,Calvin Ridley,TEN,WR,WR3,9
187,Isaac TeSlaa,DET,WR,WR3,6
188,Ka'imi Fairbairn,HOU,K,K1,8
189,Cameron Dicker,LAC,K,K1,7
190,Ray Davis,BUF,RB,RB2,7
191,Los Angeles Chargers,LAC,DST,DST1,7
192,AJ Barner,SEA,TE,TE1,11
193,Kimani Vidal,LAC,RB,RB3,7
194,Deebo Samuel Sr.,FA,WR,WR2,-
195,Cam Little,JAC,K,K1,7
196,Pat Bryant,DEN,WR,WR4,10
197,Jalen Nailor,LV,WR,WR2,13
198,Dontayvion Wicks,PHI,WR,WR3,10
199,Kenyon Sadiq,NYJ,TE,TE1,13
200,Jason Myers,SEA,K,K1,11
201,Emmett Johnson,KC,RB,RB2,5
202,Darnell Mooney,NYG,WR,WR2,8
203,Emanuel Wilson,SEA,RB,RB3,11
204,Gunnar Helm,TEN,TE,TE1,9
205,Baltimore Ravens,BAL,DST,DST1,13
206,Sean Tucker,TB,RB,RB3,10
207,Malik Washington,MIA,WR,WR1,6
208,Antonio Williams,WAS,WR,WR2,7
209,Tyler Loop,BAL,K,K1,13
210,Eddy Pineiro,SF,K,K1,8
211,Green Bay Packers,GB,DST,DST1,11
212,Nicholas Singleton,TEN,RB,RB3,9
213,Mike Washington Jr.,LV,RB,RB2,13
214,Kansas City Chiefs,KC,DST,DST1,5
215,Detroit Lions,DET,DST,DST1,6
216,Cairo Santos,CHI,K,K1,10
217,Evan McPherson,CIN,K,K1,6
218,Cooper Kupp,SEA,WR,WR3,11
219,Andy Borregales,NE,K,K1,11
220,Geno Smith,NYJ,QB,QB1,13
221,Buffalo Bills,BUF,DST,DST1,7
222,Jake Bates,DET,K,K1,6
223,Rashod Bateman,BAL,WR,WR2,13
224,Tank Dell,HOU,WR,WR4,8
225,De'Zhaun Stribling,SF,WR,WR3,8
226,Aaron Rodgers,PIT,QB,QB1,9
227,Kaytron Allen,WAS,RB,RB3,7
228,Chimere Dike,TEN,WR,WR4,9
229,Chase McLaughlin,TB,K,K1,10
230,Jaylen Wright,MIA,RB,RB2,6
231,Cleveland Browns,CLE,DST,DST1,11
232,Pat Freiermuth,PIT,TE,TE1,9
233,Harrison Mevis,LAR,K,K1,11
234,Zachariah Branch,ATL,WR,WR2,11
235,Cade Otton,TB,TE,TE1,10
236,Brandon Aiyuk,SF,WR,WR4,8
237,Jack Bech,LV,WR,WR3,13
238,Ollie Gordon II,MIA,RB,RB3,6
239,Terrance Ferguson,LAR,TE,TE1,11
240,Elic Ayomanor,TEN,WR,WR5,9
241,Germie Bernard,PIT,WR,WR3,9
242,MarShawn Lloyd,GB,RB,RB2,11
243,Keon Coleman,BUF,WR,WR3,7
244,Ted Hurst III,TB,WR,WR4,10
245,David Njoku,LAC,TE,TE2,7
246,Evan Engram,DEN,TE,TE1,10
247,Fernando Mendoza,LV,QB,QB1,13
248,Chris Boswell,PIT,K,K1,9
249,Harrison Butker,KC,K,K1,5
250,Justice Hill,BAL,RB,RB2,13
251,Colby Parkinson,LAR,TE,TE2,11
252,Jaydon Blue,DAL,RB,RB2,14
253,Christian Kirk,SF,WR,WR5,8
254,Greg Dulcich,MIA,TE,TE1,6
255,Isaiah Davis,NYJ,RB,RB3,13
256,Elijah Sarratt,BAL,WR,WR3,13
257,Tory Horton,SEA,WR,WR4,11
258,Trey Benson,ARI,RB,RB4,14
259,Tua Tagovailoa,ATL,QB,QB1,11
260,Tyreek Hill,FA,WR,WR3,-
261,Malachi Fields,NYG,WR,WR3,8
262,Ty Johnson,BUF,RB,RB3,7
263,DJ Giddens,IND,RB,RB2,13
264,Chris Bell,MIA,WR,WR2,6
265,Eli Stowers,PHI,TE,TE2,10
266,Darius Slayton,NYG,WR,WR4,8
267,Devin Neal,NO,RB,RB3,8
268,Marvin Mims Jr.,DEN,WR,WR5,10
269,Demond Claiborne,MIN,RB,RB3,6
270,Jordan James,SF,RB,RB2,8
271,Chris Brooks,GB,RB,RB3,11
272,Mason Taylor,NYJ,TE,TE2,13
273,George Holani,SEA,RB,RB4,11
274,Chris Brazzell II,CAR,WR,WR3,5
275,Wil Lutz,DEN,K,K1,10
276,LeQuint Allen Jr.,JAC,RB,RB3,7
277,Theo Johnson,NYG,TE,TE2,8
278,Xavier Legette,CAR,WR,WR4,5
279,Michael Penix Jr.,ATL,QB,QB2,11
280,Tyquan Thornton,KC,WR,WR3,5
281,Samaje Perine,CIN,RB,RB2,6
282,Kaleb Johnson,PIT,RB,RB3,9
283,Devaughn Vele,NO,WR,WR3,8
284,San Francisco 49ers,SF,DST,DST1,8
285,Will Reichard,MIN,K,K1,6
286,Atlanta Falcons,ATL,DST,DST1,11
287,Malik Davis,DAL,RB,RB3,14
288,Oscar Delp,NO,TE,TE2,8
289,Kyle Williams,NE,WR,WR4,11
290,Shedeur Sanders,CLE,QB,QB1,11
291,Keenan Allen,LAC,WR,WR4,7
292,Hollywood Brown,PHI,WR,WR4,10
293,Kendre Miller,NO,RB,RB4,8
294,Emari Demercado,KC,RB,RB3,5
295,Mack Hollins,NE,WR,WR5,11
296,Brashard Smith,KC,RB,RB4,5
297,Deshaun Watson,CLE,QB,QB2,11
298,Devin Singletary,NYG,RB,RB3,8
299,Kaelon Black,SF,RB,RB3,8
300,Jerome Ford,WAS,RB,RB4,7
301,Kirk Cousins,LV,QB,QB2,13
302,Mike Gesicki,CIN,TE,TE1,6
303,Isaiah Bond,CLE,WR,WR4,11
304,Najee Harris,LAC,RB,RB4,7
305,Skyler Bell,BUF,WR,WR4,7
306,Trevor Etienne,CAR,RB,RB3,5
307,Tahj Brooks,CIN,RB,RB3,6
308,Adam Randall,BAL,RB,RB3,13
309,Seth McGowan,IND,RB,RB3,13
310,New Orleans Saints,NO,DST,DST1,8
311,Charlie Smyth,NO,K,K1,8
312,Jaleel McLaughlin,DEN,RB,RB4,10
313,Isaac Guerendo,SF,RB,RB4,8
314,Andrei Iosivas,CIN,WR,WR3,6
315,Ja'Kobi Lane,BAL,WR,WR4,13
316,Jarquez Hunter,LAR,RB,RB3,11
317,Jake Tonges,SF,TE,TE2,8
318,Indianapolis Colts,IND,DST,DST1,13
319,Audric Estime,NO,RB,RB5,8
320,Will Shipley,PHI,RB,RB3,10
321,Joe Mixon,FA,RB,RB1,-
322,Chicago Bears,CHI,DST,DST1,10
323,Darnell Washington,PIT,TE,TE2,9
324,Konata Mumpfield,LAR,WR,WR3,11
325,Jalen Royals,KC,WR,WR4,5
326,Cedric Tillman,CLE,WR,WR5,11
327,J.J. McCarthy,MIN,QB,QB2,6
328,Luke McCaffrey,WAS,WR,WR3,7
329,Calvin Austin III,NYG,WR,WR5,8
330,Kareem Hunt,FA,RB,RB2,-
331,Tez Johnson,TB,WR,WR5,10
332,Jalen Tolbert,MIA,WR,WR3,6
333,Joshua Palmer,BUF,WR,WR5,7
334,Olamide Zaccheaus,ATL,WR,WR3,11
335,Tyler Higbee,LAR,TE,TE3,11
336,Caleb Douglas,MIA,WR,WR4,6
337,Jahan Dotson,ATL,WR,WR4,11
338,DeMario Douglas,NE,WR,WR6,11
339,Max Klare,LAR,TE,TE4,11
340,Mac Jones,SF,QB,QB2,8
341,Michael Mayer,LV,TE,TE2,13
342,Elijah Arroyo,SEA,TE,TE2,11
343,Carolina Panthers,CAR,DST,DST1,5
344,Noah Gray,KC,TE,TE2,5
345,Carson Beck,ARI,QB,QB2,14
346,Dont'e Thornton Jr.,LV,WR,WR4,13
347,Bam Knight,ARI,RB,RB5,14
348,Treylon Burks,WAS,WR,WR4,7
349,Eli Heidenreich,PIT,RB,RB4,9
350,Cole Kmet,CHI,TE,TE2,10
351,Ja'Tavion Sanders,CAR,TE,TE1,5
352,Kendrick Bourne,ARI,WR,WR3,14
353,Justin Fields,KC,QB,QB2,5
354,Ty Simpson,LAR,QB,QB2,11
355,Xavier Hutchinson,HOU,WR,WR5,8
356,Anthony Richardson Sr.,IND,QB,QB2,13
357,Bryce Lance,NO,WR,WR4,8
358,Brenen Thompson,LAC,WR,WR5,7
359,Jake Elliott,PHI,K,K1,10
360,Jaylin Lane,WAS,WR,WR5,7
361,Dallas Cowboys,DAL,DST,DST1,14
362,Michael Carter,TEN,RB,RB4,9
363,Raheim Sanders,CLE,RB,RB3,11
364,Tutu Atwell,MIA,WR,WR5,6
365,New York Giants,NYG,DST,DST1,8
366,John Metchie III,CAR,WR,WR5,5
367,Dawson Knox,BUF,TE,TE2,7
368,Nick Chubb,FA,RB,RB3,-
369,Tyler Bass,BUF,K,K1,7
370,Jawhar Jordan,HOU,RB,RB3,8
371,Zane Gonzalez,MIA,K,K1,6
372,Justin Joly,DEN,TE,TE2,10
373,J'Mari Taylor,JAC,RB,RB4,7
374,Kevin Coleman Jr.,MIA,WR,WR6,6
375,Savion Williams,GB,WR,WR4,11
376,Erick All Jr.,CIN,TE,TE2,6
377,Noah Fant,NO,TE,TE3,8
378,Tampa Bay Buccaneers,TB,DST,DST1,10
379,Kalif Raymond,CHI,WR,WR3,10
380,Cincinnati Bengals,CIN,DST,DST1,6
381,KaVontae Turpin,DAL,WR,WR4,14
382,Eli Raridon,NE,TE,TE2,11
383,Kyle Juszczyk,SF,RB,RB5,8
384,Nick Westbrook-Ikhine,IND,WR,WR3,13
385,John Bates,WAS,TE,TE2,7
386,Tennessee Titans,TEN,DST,DST1,9
387,Devontez Walker,BAL,WR,WR5,13
388,Zavion Thomas,CHI,WR,WR4,10
389,Luke Musgrave,GB,TE,TE2,11
390,Dyami Brown,WAS,WR,WR6,7
391,Blake Grupe,IND,K,K1,13
392,Nick Folk,ATL,K,K1,11
393,Cyrus Allen,KC,WR,WR5,5
394,Phil Mafah,DAL,RB,RB4,14
395,Jordan Whittington,LAR,WR,WR4,11
396,Miami Dolphins,MIA,DST,DST1,6
397,Ryan Fitzgerald,CAR,K,K1,5
398,Dameon Pierce,PHI,RB,RB4,10
399,Darren Waller,FA,TE,TE1,-
400,Trey Smack,GB,K,K1,11
401,Spencer Shrader,IND,K,K2,13
402,Joe Flacco,CIN,QB,QB2,6
403,Deion Burks,IND,WR,WR4,13
404,Joe Milton III,DAL,QB,QB2,14
405,Ben Sinnott,WAS,TE,TE3,7
406,Ben Sauls,NYG,K,K1,8
407,Tommy Myers,FA,TE,TE2,-
408,Tommy Tremble,CAR,TE,TE2,5
409,Jameis Winston,NYG,QB,QB2,8
410,Rasheen Ali,BAL,RB,RB4,13
411,Sione Vaki,DET,RB,RB3,6
412,Washington Commanders,WAS,DST,DST1,7
413,Ashton Dulin,IND,WR,WR5,13
414,Austin Ekeler,FA,RB,RB4,-
415,Chad Ryland,ARI,K,K1,14
416,Greg Dortch,DET,WR,WR4,6
417,Marcus Mariota,WAS,QB,QB2,7
418,Jam Miller,NE,RB,RB3,11
419,Terrell Jennings,NE,RB,RB4,11
420,Jonnu Smith,FA,TE,TE3,-
421,CJ Daniels,LAR,WR,WR5,11
422,Antonio Gibson,FA,RB,RB5,-
423,Dylan Laube,LV,RB,RB3,13
424,Jeremy McNichols,WAS,RB,RB5,7
425,Roschon Johnson,CHI,RB,RB3,10
426,Elijah Higgins,ARI,TE,TE2,14
427,Colbie Young,CIN,WR,WR4,6
428,Zach Ertz,FA,TE,TE4,-
429,Joey Slye,TEN,K,K1,9
430,Daniel Bellinger,TEN,TE,TE2,9
431,DeAndre Hopkins,BAL,WR,WR6,13
432,Jake Moody,WAS,K,K1,7
433,Jahdae Walker,CHI,WR,WR5,10
434,Marquez Valdes-Scantling,DAL,WR,WR5,14
435,Malik Benson,LV,WR,WR5,13
436,Drew Sample,CIN,TE,TE3,6
437,Tyler Lockett,LV,WR,WR6,13
438,Charlie Kolar,LAC,TE,TE3,7
439,Cade Klubnik,NYJ,QB,QB2,13
440,Odell Beckham Jr.,NYG,WR,WR6,8
441,Damien Martinez,GB,RB,RB4,11
442,Elijah Moore,PHI,WR,WR5,10
443,Marlin Klein,HOU,TE,TE2,8
444,Hunter Luepke,DAL,RB,RB5,14
445,Van Jefferson,WAS,WR,WR7,7
446,Gardner Minshew II,ARI,QB,QB3,14
447,Luke Schoonmaker,DAL,TE,TE2,14
448,Austin Hooper,ATL,TE,TE2,11
449,Tim Patrick,NYJ,WR,WR4,13
450,Roman Wilson,PIT,WR,WR4,9
451,Mitchell Evans,CAR,TE,TE3,5
452,Devonte Boyd,FA,WR,WR4,-
453,Mitch Tinsley,CIN,WR,WR5,6
454,Brandin Cooks,FA,WR,WR5,-
455,Brandon McManus,FA,K,K1,-
456,Zavier Scott,MIN,RB,RB4,6
457,Josh Oliver,MIN,TE,TE2,6
458,Jaret Patterson,LAC,RB,RB5,7
459,Daniel Carlson,LV,K,K1,13
460,Theo Wease Jr.,MIA,WR,WR7,6
461,Xavier Restrepo,TEN,WR,WR6,9
462,Tai Felton,MIN,WR,WR4,6
463,Riley Leonard,IND,QB,QB3,13
464,Demarcus Robinson,SF,WR,WR6,8
465,Jake Bobo,SEA,WR,WR5,11
466,New York Jets,NYJ,DST,DST1,13
467,Thomas Fidone II,NYG,TE,TE3,8
468,Las Vegas Raiders,LV,DST,DST1,13
469,Tyler Goodson,ATL,RB,RB3,11
470,Taysom Hill,FA,TE,TE5,-
471,Lil'Jordan Humphrey,DEN,WR,WR6,10
472,Michael Trigg,DAL,TE,TE3,14
473,Jaydn Ott,KC,RB,RB5,5
474,Diontae Johnson,FA,WR,WR6,-
475,Elijah Mitchell,PHI,RB,RB5,10
476,Adam Trautman,DEN,TE,TE3,10
477,Moliki Matavao,NO,TE,TE4,8
478,Frank Gore Jr.,BUF,RB,RB4,7
479,Ty Chandler,NO,RB,RB6,8
480,Jared Wiley,KC,TE,TE3,5
481,Jermaine Burton,FA,WR,WR7,-
482,Cash Jones,ATL,RB,RB4,11
483,Xavier Smith,LAR,WR,WR6,11
484,Reggie Virgil,ARI,WR,WR4,14
485,Michael Woods II,DEN,WR,WR7,10
486,Robert Henry Jr.,WAS,RB,RB6,7
487,Durham Smythe,BAL,TE,TE2,13
488,Jacob Saylors,DET,RB,RB4,6
489,Scotty Miller,CHI,WR,WR6,10
490,Ronnie Rivers,LAR,RB,RB4,11
491,Will Dissly,FA,TE,TE6,-
492,Derius Davis,LAC,WR,WR6,7
493,Sam Roush,CHI,TE,TE3,10
494,Miles Sanders,FA,RB,RB6,-
495,Elijah Tau-Tolliver,BAL,RB,RB5,13
496,Gabe Davis,FA,WR,WR8,-
497,Mecole Hardman Jr.,BUF,WR,WR6,7
498,Cade Stover,HOU,TE,TE3,8
499,Quinn Ewers,MIA,QB,QB2,6
500,Nate Boerkircher,JAC,TE,TE2,7
501,Donovan Edwards,MIA,RB,RB4,6
502,Mo Alie-Cox,IND,TE,TE2,13
503,Roman Hemby,LV,RB,RB4,13
504,Anthony Gould,IND,WR,WR6,13
505,Skyy Moore,GB,WR,WR5,11
506,Myles Montgomery,NE,RB,RB5,11
507,Tyler Conklin,DET,TE,TE2,6
508,Jason Sanders,NYJ,K,K1,13
